url_path,views_total,views_unique
/SuperSpaceEye/LifeEngineExtended,24,13
/SuperSpaceEye/LifeEngineExtended/blob/38cf868bba8967d91124798686f1cb5d07eb8e90/Source/Organism/Organism.cpp,9,1
/SuperSpaceEye/LifeEngineExtended/blob/38cf868bba8967d91124798686f1cb5d07eb8e90/Source/Organism/Organism.h,8,1
/SuperSpaceEye/LifeEngineExtended/blob/38cf868bba8967d91124798686f1cb5d07eb8e90/Source/Containers/OrganismBlockParameters.h,4,1
/SuperSpaceEye/LifeEngineExtended/blob/38cf868bba8967d91124798686f1cb5d07eb8e90/Source/SimulationEngine/SimulationEngineModes/SimulationEngineSingleThread.cpp,4,1
/SuperSpaceEye/LifeEngineExtended/blob/38cf868bba8967d91124798686f1cb5d07eb8e90/Source/UiFiles/md%20files/ev_controls.md,2,1
/SuperSpaceEye/LifeEngineExtended/blob/master/Tests/Organism/Organism.cpp,2,1
/SuperSpaceEye/LifeEngineExtended/branches,2,1
/SuperSpaceEye/LifeEngineExtended/compare/github-repo-stats,1,1
/SuperSpaceEye/LifeEngineExtended/graphs/contributors,1,1
